-2.4223446806435196,-3.3835086173425273,-5.223063083744723,-2.176458569950362,0.537880251275611,-3.4433396420311664,-2.065985833217376,-9.29669316822788,-5.073966035454707,-5.757092432393895
0.029086931524060278,0.08614024082857341,-0.7822211698125126,-0.2880681244941474,0.6778138171078778,-0.43568493395045604,-0.5580604662812976,-0.8032189994272221,-0.6353401393207228,0.445488896721818
0.23690727696444913,-0.6721213582915471,0.8953125191218494,-0.8303949396157282,0.23765419260832066,-0.34419392897358336,-0.07367858255532234,-0.4623681349952333,0.5769242064150646,0.27939513856072407
0.6272027565393437,0.9247731275717548,0.18993638649878572,0.6829249468873092,0.049661984812259315,-0.9824710448117389,-0.2857158398822911,-0.9882378187794872,0.31057366668471265,0.28114926384754074
-0.2695841052281626,0.8663699363905865,0.31758239846926956,-0.1785964201035625,0.38478136900312165,-0.3268874942510315,0.7270051230165873,-0.8413689514534589,0.9312633424576388,-0.14637784742750554
-0.26581160490352174,0.7728377276646347,-0.08504382774916837,-0.7753219171608441,0.0014951588269276235,-0.1165111487450708,0.023269350934835658,-0.6564736862009869,-0.8893951973517673,0.24850712288137156
-0.6956700833050576,0.7981731612992353,0.3526597686098314,-0.298862407387074,-0.4053555645167388,-0.9798003307171481,-0.018120758958215157,-0.7961176283452238,0.13902240635535995,0.5095167517642671
-0.44987831415517443,-0.6443581676706462,0.6661914473965171,-0.37507961376135085,-0.2864716400836229,0.09287262469398008,-0.6946167971305521,0.13386596892404612,-0.6133188786181022,0.4326637747881069
0.6041748968489982,0.30233453865272053,-0.5760266248262778,-0.8479171856343958,0.00548795596793358,0.3446029340423151,0.6985156624826436,0.7681245593730689,0.48146744228983107,0.27993040888277476
0.23150415678075933,0.8060711608966145,0.048662481922757524,-0.8797878408874935,0.38443414076574167,0.5870369219687122,-0.4164885440167483,0.718064639462884,0.3743012738086106,0.34063241581593107
-0.7585619602627807,-0.8996753243777079,-0.335511607603262,-0.8663838490881739,-0.8334659766109106,0.8946497324915412,-0.28508253505784265,0.9976245933153723,-0.21672162317564891,0.31166146330398786
0.26339884505427374,0.2653673600057365,0.7792940993328938,-0.8514746784818632,-0.8972626701575077,-0.785161881860481,0.8369775075832595,0.5435024861232863,-0.16167526865906126,-0.2124080322277882
-0.26673046342317563,-0.7432421301810604,-0.4921905982232572,0.8921385904855794,-0.03533699451508307,-0.6230115076585454,-0.2348039788699821,-0.788450220722982,0.7751475150604762,0.6292806194274904
0.48769438597500364,0.1614551546383349,0.8709471360317157,-0.04405175385446579,-0.8433255310961139,-0.39409051136169543,0.5226577564864889,0.44315202212018345,-0.14316065867708944,0.3595716058306062
-0.42655276332953745,0.05910158360624427,0.4337404438418099,-0.8459457188103303,-0.7813254762368956,0.5248669076674645,-0.5105427287897992,0.7666437354084793,-0.8461060185595282,0.6270474154287966
-0.7466123977811506,0.7751046986140253,0.968090168938708,-0.3501212377499632,-0.11697924803125172,0.866689857167293,0.6269942877184056,0.5052609508748884,-0.632997661037328,0.7876262733539605
-0.5288648129202529,0.7999185943855185,0.05756392749882162,-0.9430662263298786,0.5878212152315483,0.7733002902002543,0.7473925456976782,0.7921168559416633,-0.9513339492684909,-0.5030987221640361
0.8186388975773391,0.7830465538683478,-0.15737888539929712,0.08536750173266931,0.4843505439504388,0.5580679363866261,0.5312175906397265,0.532073831359327,0.7632708664031824,-0.9419100933404104
-0.03719532975892289,-0.2191299377138671,-0.28489576466787603,0.9938301989783934,0.8967686839045227,-0.8765997414775785,-0.7130218890201915,-0.6827541941180059,0.45769751895168476,-0.7844215113527541
-0.7177009899658267,0.8735158756091991,0.7687647374063509,-0.23892178848192866,0.007221007487048464,0.11349681802933922,0.6513439869115016,0.37369232170392624,0.08517813418837514,0.4470826337775102
-0.02161465927501638,0.6416297869496967,-0.9121229786844631,-0.8899645527576592,-0.16429587312822114,-0.554530458885157,-0.575394778482327,-0.46834500855632455,-0.9529751685469752,-0.10600116066846121
-0.33472268410245665,-0.2570960073265841,-0.029470738664607664,0.03411067178999515,-0.7497662981388338,-0.4658060377429613,0.5137100864793033,0.4442211688379445,0.9656583365797216,0.8407443690955332
-0.29806265583882807,0.47045759040689206,-0.809238377310508,0.9877537144512782,-0.9165855418849772,-0.6146726844681405,-0.2042237980828744,0.12662102319586407,0.17076058848406453,-0.41089411736219544
0.17705525671366154,0.23384067431497094,0.3835398955270352,0.08082792876820526,0.6998351661382378,-0.1101274495182213,0.5522443700112303,-0.48626043187007006,0.9340307441777597,-0.392586662097355
-0.03644425013000833,0.6420104342834501,-0.5139443436932781,0.07163159939575928,0.057962632688213736,-0.943999278287367,0.3679226622963662,-0.40064870582626855,0.3111683939159211,0.9082182439164774
0.656189033130366,0.18954008809314163,0.12631170070504144,-0.3597262954156863,0.27276177056554907,-0.0002586151128247649,0.5935599027881782,0.9639648486956406,0.11088567492484837,-0.19072802216268428
-0.46265471997938473,0.5429730751041287,0.676567254500361,-0.3473667593315545,0.06492831704450928,0.6556409729860027,0.720932338519221,-0.6981576324830473,0.9064516325609329,-0.4299158338585505
0.7355408537097865,0.04731086364380244,0.08776424262983896,-0.9907455332876381,-0.5178850767228868,0.14173621992903948,0.4299640801996681,-0.7411071031378046,0.8140172733827661,0.8624851506425568
0.8510812972904725,-0.12721210360615198,-0.551852840919426,-1.1368173073737666,-0.9465084751933517,-0.36414731380785725,-0.34114554391354535,-0.46953214483485517,-0.9560260207935553,0.310299373744451
-0.9028454031879611,-0.16505754293141914,-0.07184326571609687,0.31292016753827395,-0.6905288035876102,-0.44130869197452943,0.9980704562612485,0.5247268231878157,-0.1858108927264805,-0.6143289298367777
-0.054069634930912255,0.8475319071836861,-0.9307920216167437,-0.13972607575803747,-0.5966075926449588,0.7552208705186995,-0.05497073316215667,-0.30747822395876845,-0.6058446520094011,-0.17639754263272792
0.8398431164422121,-0.641043636184519,0.23389328611909246,-0.4041463455142389,0.5496119448469634,-0.836947019671368,0.7715291524634262,0.376810931152805,0.573975237638675,-0.654329123808756
0.18735476353698693,-0.23286896891780995,0.7844725689826253,0.6784722256254581,-0.045027044003454336,-0.67278801513859,0.5987584477860287,-0.15333761995948433,0.8597904047962642,-0.5694164021546256
0.043708833203718295,-0.21750108759742226,-0.17864485492962442,0.7526075586186649,0.3822405389671107,-0.13828619183144875,0.8308285989481337,0.9196129346211079,0.8649169870821948,0.45219047034259924
-0.8387143951596938,0.494239467411038,0.42624020539183743,0.5270516147637422,0.23833453411791117,-0.2297100410898069,-0.003578661413297699,-0.3350781144925506,0.34531817766498885,0.6454530247830275
0.36280907802641343,-0.4790219701798582,-0.736381039264952,-0.4678114421705004,0.39948895776111093,0.06972262285197589,-0.4343093420103331,0.8623233136628142,-0.8049329411427396,0.7776852171130928
0.8108812519702717,-0.13900297900959266,-0.6012983894549687,-0.5756957861363713,0.9050709662097095,-0.40913633612185746,0.07924630657483273,0.2937898612569171,0.793906133714768,0.11590983808282021
-0.24873872926681143,-0.5658923472006938,0.1937462301961657,-0.3160544564385634,-0.05161498240813069,0.7643942628191361,0.8885396563532671,0.6570633015144064,-1.0003184574971926,0.649870274046065
-0.09448484244037274,0.5663872213872416,0.20640895853916533,-0.36262371699751783,0.7256002511162559,0.8204049334268494,0.9447774258517883,0.04592007053826191,0.5984198779165526,-0.07294234025898191
0.850165114030853,0.7159191321436417,0.031644940194872205,-0.12700628385470294,-0.6076479300430999,0.7320483664643619,0.5974126580666559,0.5122447198024098,0.31890216956542533,-0.28914982930527605
-0.9801757810863849,0.12318301619644018,0.42476320975631054,0.45170817828700965,0.13421713514162018,-0.15981961091608238,-0.5481813783316842,0.8072149220858396,0.10102654547251472,-0.21407653641853922
-0.7124136678746525,0.9383376170912845,0.6226913935702912,-0.5471809698989988,0.29836504845686657,-0.40309314398359714,-0.8967997473446627,0.20038890654416835,-0.820986656367224,0.7639441769069685
-0.7433765791113045,-0.7934954454738948,-0.7462367644131835,0.5855392875144164,-0.30865615726847606,-0.2743881236435996,-0.46971044223885433,0.675388912711528,-0.670666338465448,-0.24637818722590615
-0.28970660696542655,-0.9791262976343859,0.29541532805205706,0.6611031587495464,-0.4355117387772318,-0.9066533675194725,-0.1927422459230444,-0.7201694591729427,-0.5994666316650614,0.6354226035127983
0.4912458050352793,-0.21348558105031212,-0.8370618557626747,0.29668677087057693,-0.5412208266626417,0.2160237498126191,-0.43814185332346706,-0.6723236802359703,-0.29074029058609846,0.5784661228827436
-0.41162795251273554,-0.003928105114810341,1.607286419961584,0.9002372352352368,0.08685531998593302,-0.6799209142270931,-1.0223968106645316,-7.12858158487793e-05,0.6266394335390647,-0.9927080485348706
-0.03090428606165819,-1.1126519189901454,1.2081054083795661,-0.39607274926294894,-1.1451557948846125,-0.5487087440551229,0.8855583247799765,0.5923353524682349,-0.6390476620629779,-0.44398926283100404
-0.17322822188874454,-0.24152667270729478,1.3595012848193915,0.19928847297189278,-0.6259032733978093,0.2425224487975714,-0.5477953413024318,0.020674639058505338,0.24021899219175863,-0.5921299286011503
-0.7323555891060116,-0.10635031994858839,0.20031793864633898,-1.4792750711392408,-0.7274955097907821,0.6240805073072111,2.404198436217043,-1.2502382128010125,-0.5131794464287891,0.4769017106021691
-0.8248195426124505,-1.2620157767281868,-0.2591360656601414,-1.7502054141831183,-0.16953776684924948,-1.09272077690093,2.3931141006329733,-0.6234528044974736,-2.6787635060714985,-1.0255174924294326
0.28074354379047217,-0.6628861963910592,0.885493734647495,-0.5091982713044315,-0.590670398901721,-0.8772043262909183,1.7700645435506175,0.7545060691795187,-1.4573671857628083,-1.0356035337735927
-0.8590618343937027,1.4847372623078638,0.05598803001842652,0.00906138547521768,0.3563293415561267,-0.42260455469870595,0.6179644729432092,0.6532943535158903,0.481997212771581,-0.9104867166328967
-0.9642927678859455,0.8594678465794938,-0.42042093363818334,-0.42618952493125994,-0.1872032520212571,0.7272571282123458,1.1917924058963982,-0.2784149342551445,-0.5564561564817613,-0.5126534725770923
-0.6604648719546391,0.3772690150854341,0.5466091237434725,-1.9762051115650845,0.2762586569530214,0.6839035668602516,0.5006296314597429,-0.8906907698558817,-0.15761414035348043,-0.0319243986681968
0.609358414205226,-1.9356770795067786,1.008655035600549,-1.3001641237447874,0.399172631922138,0.6414261407581234,-0.8596268597585449,-0.9300493622718479,-0.2713929887129064,-1.3003473650950694
-0.13421482539201995,-0.5804884665062552,0.17826805576965718,-0.5291300099922265,1.6914992941306481,0.5709167609280748,0.049974514262893746,-0.7819332326857855,-0.859134893077147,-0.07165157176455757
-1.0158453919287356,0.20668195228186026,0.05407989159232421,-0.5833877102554355,-1.1654048429287076,-0.726540265608017,-0.09167749825464581,-0.7023606449655476,0.4255682537742688,0.7404214200252669
-0.22843031058490518,-0.6301375401216799,-0.07134221125686557,0.5745419069079306,0.41490642554671503,-0.8230468828799257,-1.143728040040312,-0.950729150569937,-0.7292641029710165,0.8115315804977613
-0.6430671803862116,-0.21180820809449805,1.7643725757530901,0.38443109696423805,0.4178242809300486,-0.6917486589681303,-0.26916794688445933,-0.47260134794989705,-1.031866542419231,0.2880619580118816
0.6771926598094304,-0.8049173489430554,-0.9197291672956582,-0.7723105410455479,0.5745841758060986,0.4706394692731248,-0.6179051940744017,-0.4136551877046762,0.17854854452930838,0.10277200162445035
-0.38540131502821307,0.011406622915479291,-0.6392102173360994,-0.8239635130193681,-0.9000197513452818,-0.6814476656546771,-0.9738433039932116,0.8995707887253844,1.022165119790833,-0.6356807633373188
-0.6277829263534949,-0.7206440454925293,-0.8048517475324958,0.33333301598072174,-0.38970578693471497,-0.8724373962669617,0.1594131592020984,0.7760443883344234,-0.5359905334352997,-0.26707605825941455
-0.7185929849217944,-0.6033600629029188,-0.4200049814969095,-0.08619141005765922,-0.33275458827613696,0.6083562120695902,-0.35105392190073365,-0.5239508243369181,-0.936137932461516,-0.15865403435855696
-0.36223508144688255,-0.7732173457660187,-0.8327354234237774,-0.01765445980015584,0.7603661768910059,0.1685428165268465,-0.563554346719449,0.39189398617400395,-0.9794983045629144,0.6536516025829787
-0.9269518349312348,0.6714670363131071,0.7502742093739722,-0.5895065124658857,0.33305195129810644,0.4371970846102462,0.09968416542860012,-0.49938511466233854,0.14171235268654334,-0.09068558549146166
0.5592616022289476,0.2815052756813843,0.5559980872375233,1.4824840106270292,-1.5093678813187468,-0.28046067001408653,0.3311298734831712,0.43095837861902075,0.34516998126531573,-0.4816096757925517
-1.233781217118756,0.8863279615230382,0.6572211042157846,0.2522240697346966,-0.5475289000793869,-1.3928877556351698,0.7977533040804257,-1.5648668140391417,-0.9036261939603274,-0.8557561062028421
-0.4734867708045214,0.0012436495793691686,-0.026900188748766034,1.3124786642162398,-1.1719238594171753,0.5889936084444205,-0.5264163716926852,-0.697752898630404,-1.0631105464761184,0.2555267767901759
-0.4477342055263989,1.032678470412107,-0.06685355716108589,-0.03132884326498027,0.26029061668358505,-0.839597978638217,1.4523602044414832,0.7006955844390683,-1.1517449175586487,-0.6217812588161087
-1.1099895122991943,0.8559553630443045,-1.7068388912284722,-0.5291005034651665,-0.4846845660421593,-0.3897888297197048,0.44527867075385075,1.4540453459825844,-0.4664636185717702,-0.7359656717727113
-0.14800460729513124,-1.208231766507025,-1.4521075395088647,1.3994772635875097,-0.9392318664924998,0.6213409193449686,1.310111891482742,1.1232379924458,-0.10549606904826184,0.7806763555371264
0.5351572613880206,-1.0736789726413891,0.06252362285778283,0.6865601588842511,-0.7185908513385089,0.21455107836041515,0.0556050725914195,-1.87320557373754,0.6122841418259306,0.39781371938319915
-0.22835421021320843,0.947607615362125,0.3510256370122253,-0.7915238227357962,-0.43637952846744726,-0.2787308250189937,0.5855668230873952,-1.1090470903509628,1.1425809050082127,0.3870939231624368
0.14412176577067054,0.21218486164324973,1.4363843927239204,-1.5808079362920573,0.3229279893673813,-0.018570510062322382,1.0944227716848436,0.13654838055470955,-0.27607958267595695,-0.43547969068403986
-1.0614327116738513,0.2993828187394654,1.0687575604628263,-0.7228636494810504,0.021699670821350495,-0.6641104827590019,0.6486238220173762,0.5091057884748736,-1.1563851721373988,-0.5132290869826817
-0.7445351989347122,0.5860359809636737,2.081096219211346,-0.5938586252070649,-0.486525011759671,0.08489915547587995,-1.256887649689238,-0.020057283372788115,-0.881892559132496,-0.43006807813718617
-1.100645212187172,0.08871803931039628,0.3741363706776175,0.01015321608900958,0.5991434289662859,-0.5693333536577292,0.024131974873768294,-1.660975712527427,-0.4559402335828825,0.14411715564677152
0.283479212784129,-0.06539227929985418,0.6789655472627731,0.4498939209271648,-0.35122257666171347,0.3255322243409158,-1.0488668028471455,-0.42685203541545086,-0.4319738140569673,0.10803790555757124
-1.4253250935185227,-0.618552106262526,1.8715947077539083,-0.8462129544953366,1.1682022279749769,0.5558437875625627,0.2815112366521232,-1.40233991699636,0.5253630089372625,-0.2563513983106367
-0.8941938759653482,0.3270689647640096,0.0012301008672725828,-0.271659368526528,0.20556166028041953,-0.9089941482772882,-0.3986741801907809,0.3622840257589667,0.8781041146974714,0.33459979834735926
-0.7501190494935681,-0.7981277674220071,0.1398732413587744,0.09806205804287192,-0.6036243381469791,0.4697313550755418,0.14850951654448402,-0.8495359450436887,0.8810872880223132,-0.15981278377086547
0.7991480523746474,0.564482367782744,0.9231375611878915,-0.05635237268106286,-0.9624747630276198,0.31171538873149346,0.8017493425147109,-0.19354900487158777,-0.11419126056841725,-0.657906403304754
-0.3283416823095876,0.509054394291374,0.6595914425542694,-0.7132127521968396,0.8435875426374367,-0.36163306565980685,0.8716861110716194,0.7552749656068699,-0.6938139863645655,0.7931855056418821
0.42016352603262097,0.250057678831547,-0.7447362846384405,-0.9513347080512103,-0.5192886031577634,-0.329278821484019,0.25113734271747856,-0.882022248455707,-0.9841366901373286,0.7996453454770358
0.01619504863498818,0.5287235385939991,0.49948245076581105,-1.276335629101577,-0.9851830249684519,0.0668216719054132,-0.5322678061134051,-1.2086296078437873,-0.07672705288991231,-1.0405209517080132
-1.0158144289889004,-0.7510150716988307,0.4895324608791045,-0.2146973419643913,-2.172338743644801,0.629121757325048,-0.10030592424585813,-1.4587057834788872,0.06164789589636744,0.39465669143123966
-1.0245140158165993,-0.570127132041192,0.17258699288854223,-0.2695287711445938,-1.1853245638029302,0.1536677971483996,1.0578876844473024,-2.325702431864262,-1.6197036726423841,-0.4818764176576098
-0.6128404312338667,0.13143386884901195,0.2134986821737281,-0.20183559558594139,-0.11258553235810415,-0.9097520201030482,1.5113165708821248,-0.27447583926842767,-0.8341132116497888,-0.20989891477715528
-0.20313255853802895,-0.8629418113682916,1.9780875337655937,-1.343612842543155,0.6225647926529457,0.1740308585045767,-0.7824815574479436,0.555894890637128,0.4762208871169649,-0.9690552687038889
0.06155654923018037,-2.1471614124137304,-1.8780284071591817,-0.4219380564869,-0.018699705876131432,1.2476824558874788,-1.4935200821858843,0.7452886121467059,2.7722386928970026,0.34015888489044244
0.32304501636535016,-3.032616406751206,-0.8755221141499704,-0.6058271788060565,0.7791154806761459,0.37002658195873805,-0.37220202340974823,0.058897476421017024,-0.008640216945576486,1.1822557681421983
0.09631829683415849,0.3890313398288775,-1.9456304601375418,1.6128764772668298,-0.8146458164366198,1.3550565919354272,0.5371477556114883,-1.9514326709311247,-1.2089303105997236,1.3893289103649153
-0.3147175571481636,0.31368307002875473,-0.9405209060687972,-0.26725455407324156,-1.0947520059951765,0.3787706045507255,0.1737354600422502,-0.6558975349517394,0.3930381315558,0.24075581260829973
-0.21936367420991745,1.4883412975114563,-0.3579648364541251,-1.191736995197349,0.8076963068230761,-0.33596086204133857,0.9206336114043182,-0.2175838224512969,0.6661460744842971,1.287768283709867
-1.6378373044080727,0.012266040596883842,-0.4251341522466751,1.2191305627719184,1.3279958798903257,-1.24215856421416,-0.9236066631322176,-1.0057157310893297,-1.4668164413474516,0.13350624838304034
-0.177905491709463,-0.1303763201255085,1.013446620588452,0.7544979732118391,-1.5031822538710056,-0.8034957639698764,-2.981135594714746,-0.04773344369881591,-0.6927658826626203,-0.4603380097213063
0.703583468509379,0.14671582986622683,0.08670293410299801,-2.2035818946259633,0.4705696208260319,-1.121224301660169,-1.887001527564211,1.0098903997231372,-1.493038380549171,1.1734550907418162
-0.1521865107280059,0.7428025938496301,-0.08235746554170675,-1.4987959464851897,0.19919125958837655,-1.5585086289159973,-0.545933905323004,-1.278681852240539,-0.767585343720236,1.1869342465343575
-0.9143667480279348,-1.203064750261977,1.2469322844312825,-0.28707295779035535,-0.5316727388506888,-0.16443879048609195,0.15587837223984807,-0.9582361647313463,-0.7259955186893073,0.027873687028693816
0.556950082374135,-1.0563539983970611,0.5260059894240995,-0.6451486501424405,-0.3363567931311349,0.23759077435767728,0.61131536531012,-0.7903903523952001,-0.09599008606330875,-0.7519086325370532
-0.961226140936212,-0.01544522399893165,0.4000509258379098,0.6961606295220106,-0.0030926349711886823,-0.9781755830331456,-0.24888634198787413,0.760637527576712,-1.187979915659975,0.17180670173272938
0.9512899817362168,0.9186602392343087,-0.9598863979243139,-0.14763274458289544,0.8842655752603076,-0.36215368057756375,0.9911632614098382,0.7985299070365772,0.2623164372672929,-0.3736313396426394
0.8465247536981637,0.037560148284638266,0.8301513861076213,0.19717660445883758,0.928109541264005,0.20076699515750174,-0.019311601573522227,-0.2579055506892708,0.7106130307770486,-0.7035804535052965
-0.962894743084678,-0.5507981493000815,-0.023815040990768255,-0.6883785008380581,0.829206385569111,-0.6802255482132296,0.20328755292093142,0.632653743717471,0.9469743476757774,0.4176068764639428
1.4215684720819726,0.8934321709707388,0.23492780642261435,-0.3174497469991651,-0.8836174212457348,0.1586320393168036,0.6133101318043399,-0.5266423334615562,-0.6845546776054577,-0.6501393781909245
0.6658267178798897,0.019907270798210766,1.011926241618176,-0.5296034689505312,-0.9296655699220719,-1.0930369572895116,0.11701970677569262,-1.4449293816249544,-2.1564917007960345,0.13230534209126957
-0.9240876368798244,0.7897442168379433,-0.11840131936411856,-0.7949133068801795,-1.0889556466785115,-1.8185932969982292,1.0106970800168742,0.844249672558396,-0.22838305454969604,-0.3128714349436069
-1.5699806076300078,0.6126781008165068,-0.44241861506632635,0.7682256393564418,-1.1773735921059822,-0.6932803647931084,0.6563529986835879,0.37430546881840054,-0.6205791854689425,-0.7830875739598344
-0.8632487831962403,-0.11663458993101225,-0.03132962735639122,-0.27668138402611925,-0.023841241266647807,-0.3168404386575281,0.5304122618601881,1.604625237241566,-0.20913980198442345,-0.8501869752753656
1.9840775164388578,-2.4694257289733277,-1.6433974717584054,0.34525317168754655,1.1905005752741613,-0.4588737126641415,1.0217623703143428,-0.576928450357934,0.5004531344145502,0.9886184829696207
1.1514102579674983,-3.0461391993220164,0.20710297022699847,0.45528723210239147,0.8990520917367836,-0.07810598839773154,-1.6695575881026854,-0.8929718254488372,1.572930697981872,-0.22029778161552993
-1.1103265093344248,1.994842428237743,-0.9512859722237328,1.4270064124248134,-0.6007130814118353,0.7469604942183722,-0.626974764006806,0.21103167542628387,-0.08374727214395253,0.33282773077796846
0.23975850632089613,0.6653983374340672,-2.279612932009274,0.27068022631154404,-3.2527061905118786,-1.4106429878513398,-0.18990726171905264,-1.4455683897938327,-0.404413507019862,1.811357420237945
-0.6799464567436424,-0.2056233018177931,0.16260709689698682,1.5090601781663335,0.9479506041373275,0.33288353366319473,0.39885188823636125,0.28570163941229393,-1.2135097969208495,0.6903441398770624
-1.6241139655296146,1.7768998644054188,-0.5607105510525249,-1.622985272116297,1.1784596556740743,-0.5699683703740619,-3.0020760839442153,-0.33889965371840625,0.41572855081932636,0.9389826001640617
-0.6516140850958757,-0.060378325429086555,1.0493478297694376,-1.1209864272121621,0.6552982866075572,-1.1201736444925485,-1.64266670224133,-1.2438740175081215,0.4578024289860718,0.9794415971131041
1.6339089510136027,0.7359182460681847,-0.7886046399676909,-1.5329679018334676,0.6302499247669879,0.7537588604311936,-0.42067148280978695,1.6081934844746453,-0.12164962131887713,-0.5599787070917632
1.3510676176653198,1.20306357058894,0.0834714562559389,0.03179557621880275,0.39575580577893915,-0.23807071612513392,-0.02010146308733843,-0.6772193526422327,-0.1794644080581259,-1.3428914952030668
-1.3951299685137735,0.252860774471585,2.388174066883088,-0.26429893786377173,-0.4582093641646519,-0.6922639982862331,1.8025355481823135,-0.37465551288395765,-0.418817080412347,-1.19344788276834
-0.8794670270676683,-1.7981911018873367,-0.1149810214224541,-1.7758388403179741,-0.0376910004573941,0.8535248157322427,0.4308406062187238,-0.8805906282990577,0.38067371055993343,0.266874664668617
-0.521579180926675,0.12203205797407482,0.6376735474822529,-0.11146896379583023,0.45368968426389006,-0.057232770713907706,0.0205740056480189,-0.4120859601066609,-0.3229226082354391,-0.033539870466964945
-0.630603898238916,0.2971162395301767,-0.6454430990505267,-0.5905327473198404,-0.23480177200419286,0.12198042671926333,0.06784454795991995,0.05691358735309634,0.8540035454267003,-0.5409370835862929
0.2605093397383593,-0.7186834633871161,-0.44120794075897046,-0.5320145053280947,0.04475781447515646,1.5889855854635904,0.15728314903063692,0.9414526082099404,0.8677387368868067,-0.7277278322590616
0.15937210181199274,0.24975387220794362,0.01261851660835227,-0.021020932033059464,0.33514036149220555,1.3867296939946505,0.7822815306691336,0.8031505990454898,0.13079524805683873,-0.5812390005816439
0.037824920858282575,1.5786550502928238,-0.49811401022363316,0.46339066595746187,-1.1128525666764555,-0.6562187273820893,0.3572103776284014,-0.39420677622848693,-0.7409823703934288,-1.1907005345771529
-0.8940050188271171,0.34710076273139184,-0.411101453327533,0.40194552128302297,1.5956517789274074,-0.689697415197725,-0.2313832073335426,-0.7284033126530655,-1.1288494262461046,-0.9446494932629232
-1.0241158487538282,-0.6723226661931495,-0.20790270328571345,-0.02055681075592268,0.579706488267768,-0.7486584741363999,-0.17413241588054576,-0.2042845216256473,-1.0745696451497941,0.09879762205939269
-0.3306218040263759,0.7056347204311689,-0.46208547721965754,-1.4749676010188557,1.2722774672487394,-0.21804584686938566,0.7582784161719094,1.1802571736374416,0.1361595650961525,-0.8105452370050046
-0.9719367353799833,0.31798716707247965,-1.0925210708984094,-0.9597673292271762,0.46552355307609744,0.6257286038666936,0.1904604371160316,0.05307542041408114,-0.47591363931536335,0.24043141438195323
-0.31578307337644596,-2.8661984767466526,-0.48365214899861225,1.0692583381699372,-0.17657567808699137,0.9426703911724825,0.1631135165133034,0.2994816804618456,0.474355194169826,-0.17417854093162832
-0.8153938552758614,-1.5321858676062279,-1.141817003789328,0.7741461433551506,0.2188730339088124,0.713621253207253,-1.2270953151998991,0.3690585107542727,0.9517714867518832,0.3855048617225061
-1.4135214098044337,0.375160352230605,1.3861156780189736,0.19232522063092528,0.46005907372035854,0.8852624015800312,0.8378563478035935,-0.6771691215377577,-0.49103942769490444,0.6102933664689411
0.025872839221200396,0.46290499450409706,-1.2988876960198692,0.5966050167850029,-0.0531585843932839,0.14011838932137474,-0.5139472821333928,-1.659076429744237,-0.38314846142369663,0.5494595307050977
-0.7944160188442878,-0.6893856241995501,-0.2560375559429111,1.7096645137616096,-2.6283832132550216,2.3485247854392575,0.08719503748254497,1.0358867754293635,0.861018427503962,-0.0959847866248919
-1.0518368563087586,0.7956395395102542,-0.5133129494113955,-0.8059451320380183,-1.5247426747866835,0.9897829325198925,-1.9882891215165768,0.6475837310699464,0.33743354323215097,0.16017009001346286
-1.2591320654209261,0.651244909103133,0.241873112626295,-0.9685734436824442,1.6611041365975283,0.025615968431930973,0.3157964901045853,0.16536424478221878,-1.9852117275087404,-0.13773865706391342
-0.963286073273198,-0.4556491047807907,0.10296027518804629,-1.4348415797216971,0.011395658683382656,1.0942486286835116,0.46462809613644795,-0.09165363164976996,-0.34417770880059956,-0.20730082153470647
-0.46652661118508737,-1.0526229098481226,0.18179988810703598,0.805891708658449,-0.21518157113850558,-0.13715706940268282,-0.8003911690185203,-1.5302279445803906,0.36357447615384153,0.38614502262293887
-1.5163593041177164,-0.8539629241158598,0.30076406420940766,-0.15722881576447334,-0.4718277353440179,-0.28175337252829113,-0.3330189441621337,0.7803318725893426,-1.055162322971959,-1.0808604298755051
-0.3790879630916352,-1.1752190601177845,0.2468180483831551,-0.8200863567237638,-0.20105447224502576,-0.9642766614439688,0.9943744958173667,-1.7411287964309188,0.6456343427154547,-0.3222277639248434
-0.7560578967701705,0.31324644054671763,0.13223599479494577,-0.9674537062733535,-0.6310247822375151,-0.5803805133354171,0.521637619738165,0.18636513869402208,0.4165718889545241,0.6423989246570341
-0.8979562720017412,-1.0066381323269165,-0.3088521449280633,-0.3146741000349688,0.32155699087201334,0.3132726406723856,0.4249079057543967,0.19011334399899124,0.44300627103106843,0.3698417022132683
-0.8020873052739289,-1.0532137479400145,0.43110315852063763,-0.9502968454028746,0.03296622941864435,-0.11094785208315289,0.25778494667369267,-0.6909236530152457,0.21658215393859692,-0.9551275535442753
-0.6089696925128529,1.056199655961845,0.18584102339114966,-1.8747474121144894,-0.9254866995665473,0.7644685457542576,0.01015299632844575,-0.11880503541791584,0.19283153479971518,-1.3964928182480438
-2.2800832399439463,-0.5270806430387075,-0.077140819849945,-0.2113219558111535,-1.390863996700074,-0.38188628327929364,-0.019493004208528737,-0.3315473491325434,-0.9633048700423482,-1.2106790910536591
0.024424755959433567,-0.527548305134372,1.129339478230552,0.13925454987609545,-0.4542327521988652,0.40603923321588964,0.9463967302376204,-0.5023414362034748,-0.2620322107325082,-0.21575590625488392
-1.292617597473623,0.6602084365213235,-0.22601184372741562,0.010583486072943581,-0.4606135584742759,-0.9820406394465586,0.07768262968714115,-0.5132655589295827,0.8209677221036485,0.2205464106889833
-0.38331262340498146,0.629020662963639,-0.1112213414126494,0.2829393167977046,-1.0260092174835778,-1.0911133306862344,0.3773881934483328,0.6701541732123119,-1.05299759536417,-0.6073481393884981
-0.3232415506652049,-0.18069675212173353,-1.4787812907100484,-0.508394133260531,1.1596164429139755,-0.1985045305367265,-0.34144780393772617,1.7163110408299884,0.9280612167794264,-0.13288707223067583
-0.00031451797107831617,-1.9042825717637595,-0.22408579992882116,0.21613906466307944,0.6776404021904606,0.014498065996546685,-0.6925460239273055,0.134621533422028,1.120507498730831,0.6100809345970066
-2.0601141302432273,-0.7410496869047603,-0.8092435918874625,1.739283131809416,0.02686555896820052,0.4065491740381413,-0.0666453268332209,-1.1719777376607634,0.18145290468001907,0.041167704304499425
-0.9689181807314118,-1.4175175886413351,0.08548482351346803,-0.2812104616893575,0.5738658773259493,0.30578200435545666,-0.7338896788859872,-0.03507505896456187,0.11000357275599983,0.971062531915794
-1.7468091285760075,1.203502574035791,-0.2454468710994535,0.40132338106888754,1.322957244296259,0.2503249194709988,-1.0022758377901615,-0.3581547472900176,0.8053364633779773,0.15549152293753846
-1.110632905898689,-0.21895818725694097,-2.6557339546873227,-1.12493406392333,-1.3013285118637092,0.1591159484405982,-0.7477058970799731,2.0312605921873477,0.3339271876009113,1.6231430406792045
0.5583073881810777,-0.14077308208992206,-0.86001752829241,-0.8964355676073441,-0.7440272450717185,1.5575252762252916,-1.8708341296552746,0.8195150382944225,-0.15409508678091152,0.42385721341816945
1.063653389865454,0.7325847320896326,-0.6006377853543191,-0.8014383697856118,1.3426916301572116,0.2316289920078305,0.48663032994398425,-0.09211678050515877,-1.1957930077666195,1.5425799568334493
-0.20371938761417932,0.8449293886077531,-0.3824261831763601,-0.5214607117444897,-0.4932021084553906,1.2427593697419543,-0.853628927092617,-1.355888293738108,0.026925092213359224,1.2206662884779667
-0.5072865411191154,-0.6583738272702896,0.7228220734060143,-0.551717745066811,0.22439475461910194,-0.3585489999318664,-0.8254928005105507,0.9798426707381261,-1.4741635114245963,1.8105659324813468
-0.056457230407010096,-0.8984221066718415,-0.3151479085445148,-0.6373623079120088,0.9234624027189346,-1.4871532571927695,-0.5351050601031128,-0.6389760214042017,-0.649761137133261,-0.19034053560940145
-0.7710177380966751,-1.5766420272107446,0.8313395880533616,-1.2839643352853292,-0.9519304001497753,0.7361060541736762,0.803162209446088,-1.0530927674921295,0.6962566972964499,-0.9604207403557795
0.3618470368804403,-0.7503736974433923,0.07175077422626192,-0.06121709945387054,0.363842517271407,0.6606246438772253,-0.9585278530055382,-0.6360581853413735,-1.0335896762313226,0.15326972476831155
0.9050740496630176,0.8075689125963257,-0.9422914500612173,-0.47074587573089016,0.09005756580145868,-0.11008703929087088,0.4758162253336577,0.11172670558740602,0.5668066034735081,0.2932980900511061
0.04606773632753225,-0.4025311745484256,0.6739018999277179,-0.9298144796492164,0.026319845081654684,-0.11595177561043928,-1.0159763856670634,-0.4659356917190233,0.5718832655325577,0.26303121905281973
0.11861473465136493,1.2153592002169171,0.2276804639350327,-1.6823118068900687,0.20734508900561788,-0.2828208835004768,0.6199783798513199,-0.4039195520506931,-0.16642780292145615,-1.5898290744620835
-1.2111852819929358,-0.21524847094063312,-0.3285925191522171,-0.3899003379887507,-0.05865382382274282,-1.7683873982349092,-0.7066906115566006,0.3673367206004102,0.26331953735330177,0.5094764780594847
-1.1485277354929788,0.8189956473377052,0.6033040756203122,-0.8491379361818111,0.6041178041207665,-0.5270474968689699,-0.32629415273307494,0.1393368388587259,1.2606221541493006,-0.2349971123435863
-1.1158862735221273,0.3952451882006442,-0.4691341508115875,-1.2468333448272797,0.8376251142131553,0.0906499056627722,0.2826182722012542,-0.8539334368179193,-0.42605908988705554,0.21496325344073536
0.07058066410752288,-0.8193937394603967,-0.5977565796880573,-0.39438882674880377,1.4431339846596722,-0.7551883347771455,1.0812615187211028,0.7481003184636823,-0.09807973762854845,-0.7908783694923367
0.21479185695598546,0.7818871808301887,-1.4206718051841327,-0.2151493532112517,0.5543268475885239,-0.8959266499798548,0.443821434182817,-0.11691217761224655,-0.3164744419926286,-0.11463592459317391
-0.3847523783016174,-1.5286710391841922,0.15849818931205675,0.8830687334762336,0.6099064682706072,-0.18062617954669782,-0.5829231436132319,0.6276211114241759,0.803808588817146,0.21205249288988223
-1.6261521311232698,-0.4532949766260033,0.1877744130345346,1.360252163679494,0.9629198438768806,0.507356145627202,-1.9418728984901652,1.511734195308643,0.5592938326765264,0.24266684150978957
-1.0895585945901842,0.612389196122406,0.23432409712482669,1.9113348508852213,0.1729542545479008,0.93828323589756,-0.5524052467972853,1.654105095306326,-0.7599531164081951,0.6726638317259493
0.5763934636136229,0.9473081287597402,0.7208099683200251,0.8640632066342122,0.006672016522828394,0.4660254881708397,-0.9712522071310888,0.25716517163860386,-0.24705905640242876,0.8574594650565908
-1.5912735034222032,1.1722222138252885,-1.6204038380981065,-0.4081435061925407,-1.0911884110393155,1.420309504597122,0.46606323592859367,-0.021706609223051267,-0.5178587303994301,0.7724689510735543
-0.4093819808264776,0.9438043031979885,-0.8202733032990264,-0.5784259816584112,-0.22893471211146219,1.4302894130516906,0.48865927624616456,0.976270588266254,0.33286917094263696,0.35522532017916275
0.21888899912443,0.6480026456742443,-0.765579030522084,-0.6754348335860246,-0.4021252357013151,0.7757335025208396,0.3060966566827362,0.27820946808895897,-1.6968211451655602,2.0747524967909903
-0.601508191753218,0.6030918102632481,0.009946986784524608,-1.8615370130455857,0.9529228773299298,0.8145280488251629,0.7943559931796912,-1.3075224061194883,-0.08563990763683192,-0.0032781769068281823
-0.5426119932113167,-0.49637185289472757,0.18808313056064102,0.02012805745704584,0.8411564972737122,-1.271764945839237,-0.6771406593140508,0.9155651099950973,-0.7402330858290032,0.9046023687890379
-1.2388376042698455,-0.8062322244113811,0.39409249321269124,-0.761757564137368,-0.12726341895038076,-1.6831093977228981,0.3453240828276929,-0.26374791862626196,-0.6254407986887217,0.08925643963544287
-2.5654696379095188,-1.5930370502351787,0.045697948274110764,-2.073027999422588,-0.1335693873065505,-0.7643937925088883,0.7956094873382982,-2.289879153939391,0.4203190222968042,-0.6670394963160605
-0.6409029809318793,0.8362491486340542,-0.10946782095685685,0.12234657553860787,0.603278707594216,-0.20979661250472853,-0.14103411153346762,-0.7442388587675032,-1.2495859635999498,0.26332766280868103
-0.25125727594451774,-0.9483761394246555,0.2617807832895527,0.8250169425944601,0.5502522744957189,-0.5321083157671609,-0.5173810447408235,-0.5819420754827475,0.9266858199601943,0.8619907347267366
0.14531237406245848,0.23089133246977034,-0.3891766348208069,-0.25923374519966913,0.11506823781342057,0.7995521110157945,-0.927210306588742,-0.43570188624559847,0.4147327839084454,0.4266180041183404
-0.9403673164949958,0.4658776221846916,1.5185633252620523,-2.8690010019873657,0.3412422407512019,-0.29267180436012874,-0.31190450346323656,0.2740693621014946,-0.6269281320036194,-0.08697905926915864
-0.24060017064213784,0.5223225676365957,0.21855602004260746,-0.7540401038774809,-1.1403603331207937,-1.1736668436307844,-0.8681507012936085,-0.7247171950940957,-0.5336484616505403,0.3167439326941699
-0.7044217747031918,-0.08572476476872398,0.6452334447565583,-0.7397013674949997,-0.6960218935283283,-0.6616194335843528,0.1506384776868856,1.6407795480050862,0.6782164954739055,0.6260170586627852
-0.47790211960454637,-0.5950884912607529,-0.06796186703427931,-1.4191254203825163,0.19047712112870818,-1.318191068237131,0.4350286500432139,-0.5161264160582378,0.6895865179613792,0.5300804365637639
-0.10175552378566852,0.5329221710084688,1.0468623713141076,-0.8405041152437082,-1.4215372221407079,-0.1600634384618756,-0.41151775169646737,0.05533278143084355,0.671465669189654,0.8297315360033545
-0.10967303530049262,-0.8777758850327158,-0.9699694033362694,-0.9215413012654632,0.9672105380571778,-0.11171393519870754,1.057698783844827,1.0417962116322628,-0.8449514494642308,0.1629285609458881
-0.012863109263455366,-1.94817147987923,0.5555972172237778,0.3803019359998222,0.27063669809013996,0.8983964593277725,0.7827861031362628,2.113266264976317,-0.809719882830499,-0.5874957640709774
1.0852003155502759,-0.5378680019858969,0.24168219899925258,0.05638778113835427,0.9199134111377161,-0.210679311135519,-2.2757660673619404,-0.1935927849181751,0.28861067926496853,-1.385841456175847
0.8450154015710365,-0.6351015560167057,0.5026092129468277,-0.2398782705544594,-0.11864626759743639,-0.659803888615836,-1.5250034539742228,0.20828597871489463,0.6671453159944728,0.9865871087511816
0.6303090554108864,0.38991575800125855,-0.012967636527701047,0.09341127912352103,-0.5464600154331599,-0.6277019888999439,-1.0952575396830493,1.7052850255634773,0.6593939331411164,-2.2574010610893644
0.9435562945004867,-0.2916659363016442,-1.0334758377564712,1.2306953191250836,-1.5443611340028387,0.2364923826477598,-0.5783778376948051,0.5704124400119817,0.23648412553562045,-2.388052534301254
0.0882234000509097,1.120887815223077,-0.3382567577283157,1.6672207663034608,-0.011439472395684162,0.645397183716923,-0.5438768682320518,0.13034498657678673,-0.8473445419848141,-1.346789844605689
-0.012817805478628541,0.04993251316260996,0.4445879662829166,-0.5256364343481524,0.039393507733847304,0.9783956745751217,-0.3424929024475497,-0.78269824881343,-0.6082212232807022,-0.310729960788394
-0.875758230291909,0.7148870371736336,-0.7667622418898411,-1.2158518431908187,0.49058957866039643,1.0863339562264134,0.6251349764987808,0.5201246890256819,-0.2098106765149805,-0.6040613192359386
-0.9225188137521401,-0.21648548581695234,0.04089260258610915,0.18032468921744957,-0.7881156193959198,0.2681740622884798,-0.07768092054803996,1.8001087082470035,-1.0005188285234508,1.9946060073856113
-0.11050403048963107,-0.17869662575854345,0.2474654772012952,-0.8447877027183395,0.19440121182075432,-1.5146083975816163,-0.9837445545953838,0.21558367037335807,-0.6428790969111712,-0.2203902024418306
-0.6393958391715876,-1.2279709238851901,0.7628921680840689,-2.333132118484373,0.09448580713524246,-0.4010457602485877,-0.13423877615578414,-1.118169649641636,0.5781744646905937,-0.44772726787692524
-1.031920401583013,0.3819032050873922,-0.29027148544127646,0.3471872660169559,-0.13597536088266338,0.270604365786711,0.023504265876942137,-0.15880817099960437,-1.2517066834137263,-0.16143004663404323
-0.8541139469231397,-0.31780204522382266,-0.08783991951358232,0.03591515755495242,0.32288450307062705,0.26045757657857405,-0.3827596875357334,0.772895946347014,0.621644717157718,-0.3276663374817332
-0.8692475797723462,-1.4462325957700928,0.5655713691182267,-0.9014205443431536,-0.6851992579668892,0.7989208215532071,0.551149943998774,-0.6750325781263594,-0.4829939192928062,-0.7829133287917444
1.016989469416871,-0.8712559874643677,0.09789900190482302,-3.2287244835403426,-0.6625552938294968,1.2333324668084564,0.35886550375217124,-1.097729012499127,0.30527613765190165,0.045567957204158564
-0.4816714377231665,1.3193128415208084,-0.33303007397433887,-0.7474243121675422,0.2455015148152142,-1.5409730665315138,-0.6931254078570801,0.36131943739548456,-1.4612802400196025,0.13534816579718503
-1.4922751415077924,0.2907144863983795,-0.6268929983782096,-0.688516925538739,0.0353955708899148,0.20702263084708297,-0.15507253537036986,0.7512362364583595,1.1084030259897,-0.2846965370147531
-0.13538502555542326,-0.5180602729902197,1.0022475992771132,-1.5159716046020946,-0.02898709586798975,-0.10520723625385728,-0.43540996035459734,-0.4582123453390013,1.9838447085400868,0.6692959429214508
0.03892397031440349,0.3930040813257824,-0.8554931084491315,-1.347802931080762,-0.4024089845857436,-0.8042134979899543,0.8615142173804238,-0.7242875701233702,0.9611181567653508,0.2978954029114107
0.6554319448829689,-0.2698295667409125,0.16729517056587367,-2.38114645031505,0.22361493510496044,-1.068421707839864,0.2760204123521753,-1.7843963611783529,0.9334445051852893,0.0007718846597863799
2.78733311204819,-0.9304671796869959,1.4075052451959236,-1.4752045766030903,-0.8638796681148164,-0.17283765707481052,0.08842977846366665,-0.08109159898386016,-0.203978304960433,-1.275714454517496
1.9511440031814231,-1.413029601945033,0.3720894375392433,-0.5637149584622388,-0.3085989435595566,-0.11218365149611946,-1.3522006973812337,1.2495573888510654,0.4189957170563935,-2.454980493610939
1.9294163220060092,-0.2138615527080984,-0.1794567804525511,-0.3797210355822448,-0.8441318588867034,2.39567360900785,-0.14876046802071116,-0.45314268067528696,0.34236530841767576,-3.73591165535292
0.9550159228325148,0.6405912917447323,0.04384594613719336,0.3655403829624831,0.82929748800736,-0.27890620915024994,-0.9518894322073561,0.22956604097851946,-2.0240831792806664,-3.708351658719915
0.5104731004222366,0.3557575345061373,-2.1203749655694324,0.05523629891579321,-1.8238252147630087,-0.0016949928304852463,1.4226322102826068,0.12118338840999156,0.2594246740831622,-1.612936464205055
1.1198330682712814,0.748124459452072,-1.421507592264027,0.7800951670537202,1.388539872146253,0.4254792165064258,-0.017059230822829084,-1.3641450735785865,0.45348488450487084,-1.0877151132044935
0.07159151324703546,0.16796393172937862,0.08707325286409476,0.11095405826117499,-1.455111166845255,0.8808510116956448,-0.5468196403880667,-1.3588288758877667,-1.8753662781208487,-1.9129032306320015
-0.25625907705842454,-1.3076911914012124,0.7186941284474044,-0.3626274850122303,0.18439069379770076,0.3720688791607255,-0.9298740405496996,0.8001954739352315,0.21027549957138733,0.5721986010787341
0.06113321266119906,-0.06704986796981004,-0.05923655813147246,-0.6668816022736109,0.8876818271553558,-0.25923076973548187,-0.2886214581344313,-1.346968132695847,-0.3659315384408577,0.38459250779803394
-1.2484702411884645,-0.4844553310197849,-0.053062195044588,0.26791857798160984,0.3361148730518814,-2.2229227700421874,1.0335229601742038,1.289536737036294,-2.1476991922877184,-0.35040848845830264
-0.9762250780870789,-1.2440588222001157,-0.688274820959724,-0.8817985527652051,-0.5072897461267002,-0.9678835613825596,0.1263574090448285,-1.5386722659190106,1.7148442716556003,-0.7604909136741389
0.7689842810068778,0.867010314872586,0.021427756566950035,-1.6296954729840163,0.4676393251241866,-0.8026176483621092,-0.7298645923068258,0.25005877369233026,-0.2991999690748397,0.36077569204992754
0.10301750339813653,-0.1734511189226544,-0.02638389678178229,-0.2272933644907632,-0.03218432726867272,0.6396600274316686,-0.406107774680064,-0.45482931018711337,-0.4897133696670228,0.8314405741366412
-0.9797029296906042,-0.8121114757508803,-0.7222106602591323,-1.0771722871578508,-0.21478758066568546,0.0767189722842117,-0.962519267907057,0.5379634787823931,0.49232622114597874,0.6173995838425362
-0.2779843522059675,-0.27162728810634346,-0.5227994843376154,-1.4232827851060976,-1.645972542003238,0.36900612639741986,-0.43849663125131466,-0.5720691031711188,-1.081980891492787,-1.4910872695264863
1.310306544424139,-0.03852319529275658,1.0497451281548158,0.7269549793374294,-1.1552476571868764,-0.5417578496195428,-1.121653741022663,0.1556414269817178,-1.918873013523146,0.6126782070447866
0.5520649916315011,0.4344972192745854,0.3935439896858271,-0.2879940881583106,-0.018238136949418185,-1.039521276611081,0.3314017450865558,-0.03602594378115319,0.7174375111601138,0.1610148371487652
-0.824570463846243,0.13262235873619438,-0.4289206796096508,-2.1073741238884103,-0.7928410851302778,-0.6551975271974296,-0.31228290229710975,0.13680448987629173,2.030395754737837,0.5324232592107678
-0.6691728959735693,-0.9127449574230001,0.9891590964956737,0.6092137142045873,-0.6383828695123885,-0.6482609447650445,0.8998089508103982,-0.3544644357800643,-0.5167726866015763,-0.4230065987102565
1.578842344809808,-0.23907765676375958,1.6717734061531007,-0.004190378350365419,-1.3732944261532092,-1.879076311170966,1.6092969825905328,-0.523067702862452,-0.4354664670165954,-0.2523266391201619
0.8972845807218468,0.551482481062366,-0.6134155323499343,1.6772592198092862,0.354426116985138,-1.040816581724962,1.5124931268573496,-0.34018365810052104,0.5022577705947985,-0.885919432606312
0.6380781150892628,-0.8671260184708267,0.7384461466114965,-0.3656966177238095,-1.5001095264482343,-0.38666225585594366,-0.04670226190044958,2.3444538720446655,0.27474550671072645,-1.4452859594683474
-0.9497094839704607,-0.6129530203155882,0.6605753144878103,0.5932593650791655,-0.17512181368056298,-0.7129232951008367,-0.3551632100786793,0.8110501496600052,1.2776428408086917,-2.529391640865562
0.9299321809790856,-0.008612606006461332,-0.39541665960622807,1.6247266519688721,-1.9719172589624996,0.28623968083336904,-1.114066789577537,1.0358896069154189,1.5910947543225158,-0.5282381490533538
-1.7682322160294484,0.5011994796379594,1.1808173009626663,1.1063959329714927,0.955425157367491,-1.0876295902231146,0.48910916230431845,0.17125995621208656,-0.5819801711570476,-0.7287692951528844
-1.3742940255751865,-0.11435630627932263,0.8500762441686288,0.5441577481172168,-0.9183145189397811,0.5544790235414105,-0.8604796356838957,0.6803602252544684,-0.1172779584997784,-0.4003020664865321
0.7672599140093662,0.6680837922161065,0.07362100214593723,0.8619351560854402,-0.45614027773041377,0.5032499192320438,-0.051325877719426774,-1.0360557109104298,-0.9154450613113225,-0.9875773146196448
-0.13172327076331358,-0.8811967613960784,0.12317830356487856,-1.087288541151397,-0.21849042678228628,1.1766495123198717,-0.4666211088703494,-0.424841877097881,-0.7130867785181,-0.3323333889875646
1.026874159219485,-0.5960147166127945,0.2214805533851324,-0.284738431440904,-0.34473465868048664,0.45048446531740166,-0.12102964282617625,-0.12606788407577507,-0.9220867436800192,-1.1516339789418881
-2.082916080941073,-0.5239050768612864,-0.09035575862297716,-1.0171830950174257,0.34665082187175617,-1.2158989441256016,0.45751987198101907,1.7637746709252045,-0.03614908344548855,-0.35688053742922293
-0.17350522600607315,-2.108953114197412,-1.2280670754718312,-1.3167072189591016,-0.5335270127499501,-0.6143173147732658,-0.2264661752874255,-1.648866291314097,0.31243820486799784,0.13184418116991725
0.8437046390592257,-0.6065473474395067,-0.21025758734424474,-0.29716261497870494,0.41658786593512104,-0.20133270348872276,-0.25182241070961375,0.5179477318676687,-1.0224293485245597,0.452134155321964
0.5247661690282907,-0.8700074519286878,-0.17297171439301076,-0.27337498799853016,0.24854487911082754,0.6682845767145731,-0.0340676597806527,0.14243888907889915,-0.9620113903946493,-0.8309355369825763
0.5269111762462714,-1.0973842449336773,0.05079712478718934,-1.3231833419332104,-0.025407485147788154,-0.6403265169252184,-0.8653539387778798,0.32564969593186166,0.17545124805001633,-0.38045828886470445
-0.8289097210801732,-1.8264843241354793,1.5296501824364852,-3.175355062085951,-1.7865337268987245,0.7308589239567485,-0.4583972784443853,-1.854011879335354,-1.836210429779854,0.11155361361030872
-1.230159425995754,0.9883888032333025,-0.5160339813494471,0.15565665297648046,0.9066887197916282,-1.4192722962764328,-4.179531104582824,0.1753333365321688,-1.6506169463154554,-0.4317708765982453
-0.5228190290636547,0.1972133376240002,-0.3061443267649504,-0.5126526955610772,-0.7261166167079071,-0.13723584202768346,0.0882657608001551,1.5524398135358866,0.9551427324851811,0.7399148903320734
-1.8353605838106497,-1.090769660930228,0.46847019040750487,-0.8437330637323595,-0.4963055732370539,-0.19295605795251697,0.7587764060473589,-1.3583706691133364,0.7241809643099605,0.8855053405048482
-0.10471022912408083,0.6069137183423274,0.02364562019614827,-0.5166442119032812,0.347817262223146,-2.15807340333985,0.2261683325622173,0.7047207836475552,-0.009275138232338706,0.1069268758020017
-0.5896227907460057,0.12410737614628796,0.32504281522025386,-0.4014076726806454,-2.062636224542221,-1.5685513490334595,0.6029579902433683,0.26491184479490953,-0.722258320914657,1.262701662479214
0.6703524386090722,-1.1726703826496794,0.6505600582158935,-0.1720651973453854,-0.33326938492316127,0.7012134457678119,1.7809734815761153,-1.1763140281060545,1.795041653397652,0.27387013557260453
0.2717306620295621,0.2972302140272119,1.3731179130697475,1.426014714959921,-0.8625199386796099,-0.1912604813677678,-0.268043512764156,-1.8438625280650085,-0.5648694274287073,-0.17496786317103097
1.0151350468388398,0.5792381411129446,-1.075014858515994,0.002572711095519278,0.05280496945171114,0.01761275018296872,0.23912402047049872,0.7533578167089833,0.9862734876863375,0.0007760174143501084
-0.1501628600350043,-1.1072501099085197,-0.19663785418318017,0.1372725519906413,-0.8615568516571097,0.05823748385789895,1.1286574979772506,-1.4625302682331103,-0.4622682739246237,-0.4584440450467126
-0.20812458244791163,0.9052818371045076,-0.029155874098628052,0.2653519169655513,0.8105111883388554,-0.2608755730623734,-0.8964533463713062,0.05981648399570004,-0.1864650184315336,-0.36042176316987995
-1.0213004788245528,0.1855428992822571,-0.386281130640771,-0.6952515255483867,0.014559078003559737,1.2585984915072443,-0.1158921693787412,-0.9900405886145949,1.481339224755498,0.16014194205630314
-0.23842737706088646,-0.1292781529467871,-0.2893429234099013,-0.6338815705563063,0.3583126044083025,-0.30907663669812835,-0.4358317866488839,-0.7120858778564434,-1.7054469326472497,-1.2907945222914714
-0.45284015856391574,0.19989617236343257,1.1033344851371658,0.631771008721794,-0.07543603301385154,0.7650286890503055,-0.41817068368107935,1.0703594439951214,-0.7891938776858997,-1.0760209823000688
1.0041553515320178,1.1612553534400065,0.3505470796259896,1.2167060308434645,-0.5457700014537118,-1.3776012113590934,-1.0150460184922643,-0.5093295039572087,-0.9076035345467419,-0.6019016252155468
0.9355626918564024,-0.30484853074578233,-0.8457258470887549,-0.06213051540620776,-0.15724021929141377,-0.4887755427718646,-1.1587851604328838,0.43265658192674844,0.17741950653630398,-0.8231458451503114
-0.2393461551103605,-0.73758479183105,-1.1175694983522664,-2.676660100807743,-0.30675704514960456,0.48365819329856125,1.094371658289926,-0.06861316560710828,1.540236074192638,-1.0222417267117028
-0.1588518376369547,-0.6783405694297987,0.10034153794149257,-0.8503527163635367,0.20774983186170023,0.6426318198845068,0.28291714094866593,-1.02362310841856,-0.15139144548355038,-0.22456436268387556
0.06822851645277332,-0.4884442303917685,-0.8975950830641831,0.4240802729014512,0.16603275984310908,-0.7364528956793633,0.4695036709944332,0.7054238718250311,-0.12238835511422567,0.7688700497314293
-0.5238068728246461,-0.7799460773189464,0.1533640496721055,-0.8774675731155784,-0.2233587061941701,1.344996613591567,0.34827282064709214,-0.5148122662569687,-1.1010783452910353,0.010926547889966118
-1.3427144968573754,-1.0998808647310387,1.3782227094404964,-1.4016491876017036,-1.278657143098277,0.8773941964123899,0.6160599031102078,-0.45876688023147527,-0.16780180630001762,-0.8003279367893087
0.9922481022841952,-1.1024671381060378,-0.5064478880461428,-0.6612810470779693,-0.2984644786650489,-0.5958182969452543,-1.734530696524908,0.9868479262561123,-2.778997624638265,0.49859707117516705
0.14168789841265605,0.9478054901078847,-0.023155528495645655,-0.789009088271676,0.5879829329629253,0.7088996799714004,-1.1962917341187216,-1.0892472528379278,0.8851892816001207,-0.47395140898941074
1.7841675589899113,-0.9029073333462295,0.7071763236830638,0.36058904385966395,-0.7454787675894414,-2.0983460433519645,-0.3876916492394724,0.271339495047118,-0.7575653497652404,0.9293485289855326
-0.6789942807781179,1.6697687401080963,-0.7676011256969292,-0.5714413272157092,0.4819439667621716,-2.4015088625217413,0.5791936562638724,-0.6154070758582512,-0.2058191264478405,0.9131324900550355
-0.8441521912242458,-0.9096804581753419,0.6031448038370384,0.3730152548348178,-1.5241419342206575,-0.9710324140454852,0.21292156117686703,0.19524625010695626,0.6296117832360107,1.7181677075755382
0.23885053656709168,-1.0889025130795738,0.5910811668267087,-0.43952373531615596,-1.459243254351726,-0.6537831876918992,1.753172853818589,1.5655873491534347,-0.25997404798389867,0.7970191646777066
-1.0703780092851483,-0.6904383615661199,-0.7887314326779108,0.8028868369443135,-0.11295144592185309,-0.5866730078389794,-1.4194976578240681,-1.045631060584895,1.38791044964611,-0.5349715209834854
-1.2798537655771123,-0.6721323088700266,-0.016198206440524995,0.7812267290996308,-0.4990957797481454,-0.6219567352756152,-0.24890390567910167,-0.4700786438628137,-0.42863517532472845,-0.9791607484968332
-1.7636388313901328,0.16436377517239162,-0.2712935500091966,0.866381879152314,0.44368054415495456,0.10547524087440424,1.251435719646943,-1.2078102488200855,-0.7050980836292775,0.20403336295846045
-0.6526860685605688,0.040477595487827686,2.1594091671322624,0.11517956050179315,-1.4042075772899145,0.1934720353769834,0.4772071262258772,-0.8841100529921151,0.5273614268130069,-0.0945989453227078
0.7999626497943306,-0.3113004610631972,0.831837178238332,-0.281817691061539,0.9178297852213574,-0.39202804466164776,0.12782430263426484,-0.41031994821019746,-1.3329514247937813,-0.5328003833989595
0.3613181030898086,0.05672858846527651,-0.46027702477325355,-0.906265626174565,-0.9835428052746398,0.5130311764613337,-1.415562309216131,-0.16494838146604826,0.12960916917053636,0.20626947290446546
-0.3111923224363682,0.5996377956508244,-0.1024791335853369,0.19335979666554953,0.06610399571966964,1.3896748349061574,-1.713292309112605,0.5223829727563175,0.36388572255569424,-1.923034073418643
0.40227379135893454,-0.518764159286316,0.2734617627012074,0.423970969586435,0.30144990811407174,0.19262601734056592,-1.4868063332958772,0.3859293830409914,-1.9265619262541995,0.8659804827173846
0.16624889973656373,1.3173458184037328,0.49767149905883207,-1.291290210019862,-0.9945989413178342,-1.0496640434068214,-0.5599920814765367,0.938910654915059,0.252872961016024,-0.8931316550974763
-0.925854062073089,-0.7066409778340138,-0.12503913451985296,-1.0662444665471618,-0.12128093559300326,0.28124262681443285,1.0400450517977557,-0.9977588655916428,1.1581179785493954,0.8721989052243659
-0.0077116285314096505,0.538970924039352,-0.3109177079886443,-0.6023686638033098,-0.9693293863102194,-0.19824664218178528,0.9497524323009853,0.6058670571041532,0.7817689201424057,0.019465813863179894
0.2328223430397216,0.1677430701147532,0.22591002064369112,0.6298948328796039,-0.8490503324047315,-0.3233180429344988,-0.43802606677951206,0.16933207184170718,0.9784221523210006,-0.08909165946445137
-0.07140147325369084,-0.022312535569797124,0.15722977075751865,-1.0277476997639128,-1.0995939521619085,0.7570819020938416,0.3582339093136237,-0.7859213054656157,0.5581970891276239,0.8048613536141824
-1.1529595948219984,-0.25052951083300873,0.8311725863200252,-0.14515887996250584,-0.17616546886186762,0.9190718452283122,0.6442591210169846,-1.6483988497500708,-0.5810318340170516,-0.33459738728846944
0.255777391461562,-0.3005585159894403,-0.7511663901995107,0.5565316968286619,0.1139634637893617,1.2641258596104228,-1.3725983400687871,-0.36239852856543936,-1.8379738543662467,-0.17041363231058393
0.22862405232813643,-0.06323928626024633,-0.6604681846692162,0.08114602587489132,-0.026212177950174304,-1.0725283012153755,-0.9552761967980445,0.19390914312078605,-0.025242236030460035,0.9299242047316227
-0.470442163286126,-0.5694325913722273,0.48256474650956777,0.25892274202853516,1.0457258449408806,-2.7258376759655127,0.37713641037627227,-0.2598907693795261,0.7831882628286266,0.7348519193070032
-0.5821085260039696,0.11536519060355081,1.0871792753791167,-1.1274900838055972,-0.30245458799225866,-0.26669805599131635,0.29319471301666217,0.7205619738715305,-0.539079921672084,-1.4350318670078654
-1.4651357337974595,0.9408584421745815,0.06311197821913972,-0.33781009070804185,-1.668922583275969,0.6295546364662239,0.3680331355150094,0.8620231301206176,-0.16420952799109312,-0.23624914240807648
-1.9110917999675916,0.5039843818028288,-0.026433636624421785,-1.1148352946928224,-2.7688056386524513,-1.7381524712302256,0.3997003752253011,1.4333772903134223,1.6393229519601675,1.3097486152631093
-1.9408114115596253,-0.15622904631625922,-0.7203986303156363,1.080331257351484,0.8871285864139605,0.6706062329141126,0.08834978926014293,0.10917566462160183,-0.04339336330313385,-0.4705643533690466
-0.7641345025605772,-0.17931900883152177,0.31699774085675697,-0.20055018571757846,-0.6170995499995561,0.8922349985376227,0.39667688227429126,-2.2390434990890857,0.9557817190578421,-0.5071813413891809
-1.128004335011731,0.9693841441446375,-0.5194277926137594,-0.08243560211962964,0.5907038722345008,-1.4757258702730125,0.735156262053136,1.642667718026427,-1.6820634238373091,0.26478290941183963
-0.25352837450965643,-0.8278398537195577,-0.1486952346142448,0.5998636717668278,-0.5666201807055631,1.4481942230905764,-0.10652128179288803,-0.47765528097917476,-0.0019511019851583926,0.009928010305199974
0.8908002097267926,-0.29472377147752393,-0.06489585443861018,0.6650028483369823,0.8867396217021178,-0.4212564691056304,-1.1392127701346686,-1.5062566279448635,0.8285561469925504,-0.4854900007241118
-0.7429950133079907,1.0561519555124994,0.0005210849269631307,-0.6533976258348101,-0.03628246771868335,-0.13773076664156522,-1.3755240298428997,0.13873195498806168,0.7705395481721735,-1.572200561930851
-0.4207334447765651,0.5776908089997352,0.42387066972780024,0.593330504601654,1.0422435369133012,0.2964378425089491,-0.13587444848649693,-1.565518912107654,-1.028886170913529,-0.5597330233690095
1.4818011955936778,-1.6596508759387776,-0.1117347994871416,-0.06740706811568561,-0.35288150568533905,0.08864290496856969,-1.639449409333788,0.03537807739551467,-0.6897523296878747,-0.5583037736876454
-1.062630843378238,1.341719749735847,-0.14129385557992188,-0.7987291484431549,0.0589938061521331,-0.7701439684039992,-1.743612721650751,0.8623384696849075,0.20700495379145356,-1.0716933478943973
0.6038660848090852,-0.16375353478263924,-0.07926858326294892,-1.424342888975666,-1.6377497806184198,0.6667758425480674,1.244431919844901,-0.6497276919448352,2.1979145862539906,-0.09808749864196813
-0.7636172175294199,-0.2805245537906423,1.030176653162441,0.10560343312460448,-0.8644559851161555,0.3854264829965224,1.266470866706444,-0.8520301181704061,-0.5765611693230284,0.6875980784914661
0.46666871178993125,-0.5338212821970919,0.6118579336586752,-0.5265551762239462,0.9726570802370456,-0.9162159459515654,-0.40654678705978425,-0.46384012503380745,-0.8158452136421568,-0.1843981535912108
0.34356175714362464,-0.5642569218271795,-0.24168368114030314,0.39872959259680174,0.16354149648357244,0.052668111142891556,0.3137680950810733,0.29523613252928604,-0.5742427491512945,-0.2510548515599721
0.6061456172179757,-0.09031607288810219,0.24193825437012675,0.04162892806592837,-0.07571764215169005,-0.8804931810822344,-0.5009755797436074,0.1558715715093913,0.32317824513243093,-0.14915077618735384
-0.3230330467311511,-1.7096254006825198,-1.5911196820854852,1.4479848620137643,0.8553797655181583,-0.015487592777286466,-0.0861843044526092,0.7019355734748514,-0.9007119948005557,-0.3147533227314823
-0.6127721557491338,-0.7681276458124697,-0.24349647213081163,0.34064808985649947,0.24258224556586533,-0.33838522803388427,-0.8603735723708342,0.43873494912565764,-2.1046799019550653,0.5119177526787392
0.5303786145380228,1.2285087111776747,-1.8473336468310932,0.9736945508577814,0.5043813186494144,-1.2271054963931773,0.3814861390614778,-0.7748415978877243,0.5418127154423794,-0.316459644436987
-0.39363852635005026,-0.3126068357207589,1.0602683171375364,-0.2928513719644733,1.1440801096063238,-1.8439144287433396,-0.12054694563518487,-0.4206145018427679,-0.4925681415003912,-0.0017146666283345002
-0.8167047337372326,-0.09822744226891253,0.16659691647518488,0.6532859540624901,-1.4280918016439104,-1.8151190829760122,0.5431395266647487,0.6775867421007544,-0.06325171027872988,1.1950696778417556
-0.2316739131617727,0.19120763055860088,-0.768173717091024,-0.060684277641366184,-3.3686776791707014,0.5051501798856534,-0.07268659203887862,-0.31139225881520005,1.1682866478476734,0.8454782583669576
-0.6372339107312084,-0.4071491292188831,-1.1010931046819292,0.42561845879382465,0.3777660667345382,-0.20068510326370387,0.9422264843124105,1.5159429629877121,0.7441721985746783,-0.11251531372918663
-0.10052265842185112,-0.7032304289825532,-0.24246009302891025,0.16826522667391547,-0.01741430623255203,1.7160075729642175,0.5636849452612115,-1.9297692473321362,0.9449261483764089,0.32974262788924374
-1.1360316065422942,-0.8015318540826879,0.4388696519983738,-0.6720707913425664,-0.21553247650601437,0.4588402593522115,0.5508656555251018,-0.05607481994286192,0.17796999451682624,-0.6817267849508981
-0.5238428978373031,1.3182690500763223,1.319598009011782,-0.9335488640813858,0.4359787176309343,-1.180251545908924,-1.1540750041830892,-0.3118763933886601,-1.4326403255237992,1.1515394570430593
-1.3111376439017979,-0.18840818606721801,0.43133885088210006,-1.851342086141795,0.008043100109419396,-0.6494413854630058,-0.14565755139883982,0.06599965049721775,-0.9809157500119143,0.49062454862858884
0.059990861828229894,0.36699423351637234,1.3483640463461992,0.19955125701694135,-0.5164298041550041,0.5274868697011335,-0.228817006628962,1.4472547452659739,-0.5330231909205395,-0.7248264462672995
0.3616369058823619,1.4696828374095536,1.3890048738099552,0.6994605968076335,-0.21459490077989823,-1.5901305113083506,-0.45285787153703144,0.08653614382239508,-1.0313192182034647,0.4389107129358478
0.5972278651509827,0.47394987228499147,-0.9355856059906549,1.111436153703822,0.39073787546481686,-1.2911747776591693,-1.6130093323961807,0.28761825416998416,-0.7922819610934503,-0.14983725338732864
-0.8414663527029103,0.7527744113232643,0.7861277995779694,-0.7126393073062008,0.31857421467988867,-0.9986695365987801,-0.03130574199119337,-0.03661159502564435,1.8881557686847197,-0.9731185392534748
0.33916711594406457,-1.0771066760023118,1.1729610266281774,-1.9293396561342997,-0.5957815689285643,-0.6324082461209315,-0.6973249369867267,0.19705561295308174,1.2565192391597986,0.36495061214168506
0.0799017011453277,-0.24841469888318668,-0.10537954351946602,-1.1804904144860817,-0.002181290124493066,-0.2210083727023043,1.8347514881018137,-0.21571075028915382,0.6980025393293586,-0.5961503288690346
0.4646563661208742,-0.7883923487120674,0.9957242358577748,-0.8021152782737099,0.9510484147924569,-0.07573891065810208,0.20738099175591618,0.6064856856450261,0.9319561415469294,0.54078307136096
-0.3670460536374826,0.243241754011316,0.7907721939797709,-0.8906085137634606,-0.006216508490810331,0.16562155927048955,0.45974166500988206,0.27755067364661445,-0.8235601529041131,0.1545107870018746
-0.766730881248877,-0.02397801638984904,-0.11565074758660326,-0.3472034909584662,-0.11568347100345956,-1.7975242545385897,-0.5254178466918006,-0.42507720761561274,-0.09365540734449081,-0.5424703253998399
0.9431107477220257,-0.8178194521755446,-0.7281070013746953,-0.5181986162064915,0.08784565579969018,-0.3670400137485384,-1.1801209581996193,-0.45040398625046246,-0.31060729195154846,-0.21288979895602272
-0.36819884299371897,-0.6934470409649761,-0.10038343100994697,1.6309868646452141,0.5051459397888313,0.2661873428848754,-0.16196494167450642,-0.3298972212415822,-2.557193079222843,0.4828758196500413
-0.5359103004821315,-1.0084375114352557,-0.2359705776972165,0.032253394033840706,0.16831207412305413,0.03612843977501719,-0.24910492024535077,1.0605827355103752,-0.7312392942626911,-0.6744820200244404
-0.6462541065455362,-0.3939645651677094,-0.41742120824353507,-0.9423712308463881,0.2958311175594304,-0.8465811756111457,0.4602381546302089,1.9125191640856303,-2.0053286456286754,-0.1877045174554691
0.121933146634212,-0.27733114479818977,0.5052843764496793,-0.20935995549900968,-0.7997594216845313,-0.45007108508269156,0.5308280471774381,2.080257059672421,-0.8058378727023277,0.43962676137593265
0.5496097335511708,-2.3430342456222273,0.14167604261427055,-0.570154697947376,-4.787474686081757,-0.16024204463119582,-0.13773095384977055,0.7868355489209947,1.2399908744979031,1.0402950258698158
0.010577353506758537,-0.3911907665782571,-1.473436311246199,-1.5216215437423681,-3.9355468149942596,0.185043148876449,-0.4854851255570144,1.1472233583400688,-1.2011007994611362,0.9084895521874338
-0.21334464281262183,-1.1481985221268793,-0.5868236952361211,0.6044160134964314,-1.6179303403531724,1.2130030171259996,-0.46632956026553724,-0.28994082060829124,-1.0728901386565592,0.7295120726785668
-0.5552082520033782,-1.4876041674085596,0.9880271531613689,0.9319765769726636,-1.1272031093274095,0.7445665963250876,0.16020496634268666,-0.559155300197482,-2.1624553637907082,0.3530298436604854
0.29413110151627164,1.4492083409415442,0.6216242960360704,0.15551502531531852,0.28694192029073223,0.4323667323730805,-1.4741124707200335,-1.0669124735068927,-1.5435208797466557,0.1719716991603009
0.6054597623559719,0.7068324267663034,-1.5538842119972383,-1.6612919848974772,-0.18864870251604038,0.39742386655191286,-1.8806149148641298,0.26309473723418275,-0.12019694665856684,-0.6374082323360747
0.7706680408395499,-0.46664148686008355,-1.1113099648754372,-0.16225269210464646,1.7136095641688533,-0.7379271851069316,-2.026849314896253,0.012299358602582588,-0.24778794189874517,-1.1486595620916369
-0.4418062025640525,0.39072711125704596,-0.8314351788766129,0.23159741331096906,2.519503570062014,-1.6543301679260305,-1.8799782803859881,0.6182871313961221,0.9064184933144092,-0.41194009710844653
-0.09889551499716426,0.8939674525743033,-0.7605532387673306,0.2017512248693674,0.2559744792795274,-0.9643971097250352,-2.1542517007593385,0.47369592224602064,0.7000248891770817,0.18334683474711808
0.17149331629834036,-0.4264174817421943,-0.33539477012750807,-0.7814449882970985,-0.4286124469616899,-0.4054009635278462,-1.5029417187228693,-0.6861716538996375,1.5230079307679278,0.3996503198685955
0.8981688591190009,0.34466155377311186,-0.7776365306115778,0.6787555097650351,0.3324130032263887,-0.20252378477792266,0.21681556626600143,-0.7741273309657943,1.1048707014380819,0.6180394475376617
-0.4386438836030585,0.9385864891492355,-0.8206126952987615,-0.7469161527898858,0.026187311377237933,0.5735589868391415,-0.6765066898441054,0.8163223757134228,-0.08460562111236809,0.1802097395363408
-0.7263888008173677,-0.8640150645141872,-0.5460181512456984,-0.5331180708486439,0.944284322564972,0.8560055256053293,0.5208136826969684,0.3389711167682211,-0.1809089459457147,0.7293986155657274
0.6946858912342405,0.4727647073087054,0.4515342680879475,-0.43004776994744565,-0.5357529299430048,0.8038405241214555,-0.9854598539165254,0.1510191329595263,-0.9752387715382633,-0.05610500679046915
-0.9327092930449544,0.5884549918826206,0.07525439104668183,0.38455909353216744,0.6563297488790975,-1.6833965065857266,0.7475358768125777,0.5719082479728349,0.31974810443649376,0.3061555714121156
-0.4452244032325941,0.3128753052315844,-0.7670513532991092,0.6440567571952976,-0.02017994715381127,-1.4521413267393655,0.1950850304050152,0.21619409170543186,-0.717870285321418,-0.1865589334295343
-0.13083374444340098,-0.6656295723187879,-1.149471181943435,-0.8744564091464969,0.8400495032519398,-0.37107338085738856,0.18923617109753646,0.221469270900601,-1.2464453649919225,-0.37724596295452534
-1.8418234442693118,-1.6815825735007937,-1.6880253487966652,0.5104309663812943,1.7053847289144255,-1.5534251128634102,-1.7339129230053987,-0.6262803394033544,-1.7310678446087426,-1.1512150361754532
-1.0855704357668292,-1.62322639393034,-2.4752302686085543,-1.6843126780880155,3.9322295461354195,-2.9937147327090314,0.48950465042805585,-0.2587100983607155,-1.3153840287771124,0.6306280239973461
0.16851124622511118,0.8966527894295864,-1.453693582326521,-0.6594943375490978,2.2119444932218517,-1.6269584857511306,0.4696201343680898,0.28808748069985224,-1.0440811030880846,-0.42361692872102374
-0.01779941060062557,1.1022290344828052,0.6608513557498773,-1.171913239185806,-1.5413999865348103,1.1046224374580882,-0.31833390617590057,0.7316345507635854,-0.5812604956005838,0.7507673462508747
-0.11431704619143461,0.845400637591325,-1.1037770333177586,-0.130091660224408,-2.3286850269667037,0.822371359085351,-0.7706448938118823,-1.5165831224208242,-0.42402881631547185,0.41798864717354006
-0.5935701232531698,-0.6101361486362332,0.5372957476803022,-2.22930529005514,-0.012159561582909841,1.0627151434296875,-0.8481007070163613,-0.35654341822741376,-1.5169496067948263,1.0511671362294621
0.27191805021878046,0.2670396660887498,1.5134149283714369,-0.5230529262878414,2.1521342225891362,-0.4354465043115509,-0.6057506486436018,0.9143219399420899,-1.3846654190372032,0.44146206211446765
-1.1496257624673198,0.6791187412770222,-1.129486387213139,-0.21944873288750175,1.2749281721333448,-1.7321037548707678,-1.1277670057007134,0.7103242549190313,-1.1345480336089235,-0.6805465153345118
-0.1666185100739203,0.0016596027392366194,-0.9035731516636962,-0.3246415683301906,0.9223001017153192,-0.09385172091470817,0.11033334469865132,0.27536408492462844,0.1777326150729685,-1.508453077356594
0.9414208465785001,1.1670180401340817,0.15803556503859711,-0.7476953614677952,0.021244822368423257,-0.0358396074715072,-0.7257324042704087,-0.261069004967954,1.9118480207906143,-1.393870514175444
1.9913521149723834,1.0925203384162319,-0.9970274927638859,-0.9670877751281957,0.671956888860183,-0.6042367065229785,-0.7091649311706761,-1.4432959768862748,1.054048125425733,-1.2456375671445943
0.9513248343231814,-0.28124386382290034,-0.33310700131818405,0.3434910961631121,-0.8140163264237902,-0.8612848499249055,0.5656514576524492,-0.46056635299289606,0.7497810590409176,-1.140914986681638
-0.2615036147502652,-0.1442255002653835,-1.0172708455533268,1.073719529984076,0.94517376702435,-0.899615779739328,-0.5122271320793895,-0.07434589386077906,0.618132181186788,0.7610736537516334
-0.30022164385331374,0.8585662050349437,0.7700469167314715,-0.6693767596063815,0.1861472765124762,-0.49146754597114906,-0.2007922888396912,-0.6993914489045695,-0.24972121873454853,0.3345431244765817
-0.5460023125693126,0.7221875017093504,-0.20187125451168716,-0.5089014581849578,0.41381120126142457,0.9314482019443796,-0.6270596828520724,0.08047751158186726,0.013942131592866228,0.9093319867481222
-0.04410609379934357,-0.7261727326062623,-0.7182953384214313,-0.9701639506421853,-0.7203842611159399,-0.5780827484460347,0.3087043405179341,0.1164721635698823,0.8958568868677829,0.10254039659111726
0.3990463803280126,0.4250798055871031,-0.8304834812671439,-0.08886613613413412,0.6719198384016951,0.20576954477670975,-0.738609083877796,-0.8494924154899317,0.4372710951090935,-0.08688089989159718
-0.4220515453173498,-0.8005802801608819,0.07852245469747962,-0.6480020730122708,0.4340772462329996,0.42133054363591943,0.2255502917274664,0.5941417857565745,0.29010227594321336,0.8797200275941929
-0.20399426129893783,0.2619795177511147,0.2104944120130689,0.5869476566057622,1.0778476378720878,0.36139466252641206,-0.40717187349175965,0.9014920189582379,-0.8630693822877127,-0.9606678384365603
0.2234062787193637,0.18053803125782628,0.3963434882224879,-0.21538041278241696,1.9830750058218607,1.1752396616619256,-0.6875950399637341,-0.9699442655214636,0.48331830780699236,-1.5407046118910201
0.5681249875414518,-0.023829571079299092,0.19149383672357936,0.31733590044981563,0.5592502443365511,0.06454352753003978,0.1834668570924339,-1.1420442302325502,-1.493822910368055,-0.9764796076970571
0.487477940043057,-1.1728010587878968,-0.9937690972185256,0.9272235865916808,2.6907389838848403,0.08579535580183947,-1.3274493644350613,-1.5454641992240945,-0.7721338152425651,-0.08266626421273093
-0.6467160290342229,-0.9736850978126343,0.13585516715492213,0.8063063400399773,3.3138404227106295,0.2822321097760759,-0.44845248724275355,-1.047840708347094,0.659455839418154,-0.14957044601735245
-0.025265591385651664,0.18529874203897717,-0.32430864923738395,-0.9350061502784334,0.6525312191592759,0.024122536872542674,-0.6959233449000771,-0.8079157719814934,-1.0958450318206252,0.030362999707595154
0.03357445377545181,-0.20258053835095313,0.10476311347585927,-0.6030878084262281,0.6002404458896929,0.5684060215320204,-0.8205572362800247,-0.1676306612331514,-0.5425867885788059,0.7531749943238203
0.08943388556945546,0.2755113854527573,0.42235372972022034,-0.4167523441686009,-0.49407627974364954,1.0386182825504362,0.35949953004400964,0.0907526739749567,-0.048452762490534755,-0.06962437245708036
-0.9453670333386428,2.612847890035445,-0.6708960076051552,-0.8397344983413695,-0.8246166889975458,-0.5094905037110227,-0.2952185675955368,-0.6507759501333148,0.13268261902499967,0.36147895188737295
-0.1392148928056177,0.8212132169995519,0.6000635781982812,-0.6858282237713333,-0.7195278398987018,-0.4441525592805541,-0.45263167221226586,-1.2225950633285523,-0.3207540117182289,-0.5354016986221362
0.30917253808868445,1.6678156515882714,-0.23986788238089668,0.29405455434013816,0.3204712563287732,0.03982970145790035,0.05933094119352196,-0.7112917017781039,-0.6132920373743449,-0.9541444696377531
-0.5665285923792129,-0.49024601649040794,-0.7438389009506648,0.7110322783288646,-0.9807421185005726,-0.22268250267136516,0.8278239717930286,-0.6958334519186596,-0.01096031176493575,-0.19442036993847686
-0.05382300059210454,-0.7766395938634064,-0.7666323299373758,0.8927436866561181,-0.465486592196323,-1.0415864326240014,0.5263817827738518,0.7813702312723665,-0.7754291127142535,-0.23692876485454603
0.8771946025512091,-0.10208203756033923,-0.4116139176727798,0.6275980639816279,0.622766164596586,-0.8749385563932754,-0.8101173735235904,1.0004795951175223,0.6417596152427418,-0.5936446217381307
-0.34364701881596044,0.632897256231973,-0.4975665599330386,0.7786372537956887,0.4160471541618736,0.9634938641823617,-0.7888445515282633,0.7322072233791275,-0.4429313751384047,-0.2691463467397009
-0.4542377618748373,-0.21498094817403032,0.717272859798417,-0.5657118148275344,-0.10435553906639228,0.29732694020592754,-0.30171521619094027,-0.3001373535368275,-0.04334837594957197,0.5137713984744923
0.7000370168013289,-0.8404625993833217,-0.6906541197885068,-0.3081451779213538,-0.8135500726664984,-0.48635784803460813,0.8483188059448746,-0.4709305633512863,-0.8943184393874943,-0.9687812194128236
0.9536172500946065,0.13419328158801935,-0.8681023292464813,-0.46413675819986855,0.49665090505982135,0.7769640854053441,0.22066431027201694,-0.04497796747073313,0.7460807648252137,-0.6073276077810112
-0.5937580599277225,-0.1137408064064209,-0.7865951298538582,-0.8979800602908958,-0.7453933782856853,-0.21832724206536927,-0.22176362980214273,-0.99004866926468,-0.31832587141259927,-0.8809418292968403
0.066340693926072,-0.08346881058483198,0.08402384267053671,0.6719011091573306,-0.7200790369440978,0.5428837994138439,-0.31533334392349727,-0.3467076049407267,0.34751564964109527,-0.4803714625468998
-0.5963279911748908,0.28658722539786835,-0.08863097003159391,-0.2610132156140522,0.6374489552631382,0.5049592199440511,-0.20341255760462984,0.2237752867017291,-0.31947826380209154,-0.6875822848437243
0.20877123476608356,-0.6510453262357312,-0.5925462155038186,-0.8546620104481853,-0.04529060897043842,0.0466970942640644,-0.9852347878343115,0.14347101225093545,0.059451248473815145,-0.7562334619177776
0.10953684083314062,0.18631807394988673,0.07534961707167183,-0.5385161683164753,0.05166681784088337,0.9576107083250408,-0.1987807649245284,0.7663748430408489,-0.6821575572772819,-0.46059125190379174
-0.15387958670851168,0.9379328296842321,-0.775012853772434,-0.3435166244931917,-0.6687116371222305,-0.6103234191982564,0.8829375934339546,1.0169360245338543,-0.7690103075515273,0.013759798119931204
-0.1291306841196755,-0.7764660663965248,-0.319242898065517,0.7296879945060333,0.42885293950759634,-0.7960824964909758,0.33551173588767036,0.17596686521982938,-0.7172430714935448,0.3670431806111879
0.08073242783260727,0.865249138932689,-0.19308254023119564,0.2638787256734809,-0.3972907786481496,-0.353695286472795,0.7396363184533096,0.6040146196607279,-0.8063495046615498,0.2984204537879172
-0.33421358942107987,-0.3229782591409445,-0.48539561952814986,0.512605346667076,0.2775029359649896,0.6367166022939794,-0.607032710567632,-0.9075565182967235,0.010967835783108316,1.008650460227141
-0.6552208230299685,0.9049255082172424,0.9654952792727383,0.29257198793715783,0.9622151614795055,-0.8573888222730562,0.12685961425151432,0.6545617556084701,-0.3859227016706172,0.38409266987606966
-0.17753088257198352,1.0623875011468498,-0.18683494420495408,-0.748975931541222,0.6772075563002248,0.42254511236383824,-0.128385358882056,-0.05004956389791742,0.6288075328403274,-0.3815107274526315
-0.5830878421464877,0.5028187029824757,0.17026697950936545,0.29665184077965456,0.13502010949435994,0.7966049292522921,0.9754439800331104,0.1349469817235711,0.02927347004972086,0.8144612622829411
-0.355366031651168,-0.6635803245375954,0.7983496689095535,0.23635043366805927,-0.323360761128528,-0.18425228817739234,-0.11302199951747995,0.34205623798477675,-0.2282657032919938,0.7341297842998007
0.6823621645405498,-0.19741497737930175,-0.3815294564944638,0.5886840981967181,-0.7907571911722526,0.17051464574849753,0.8543469975643339,-0.26095351549031154,0.9425282705881155,-0.9628782445170408
-0.38491825038141536,0.7673193687950581,0.5875262270583663,-0.7339415976202556,0.38952702666731953,0.02455541403740697,-0.26905382563789654,0.5659665786677118,0.2488827339939137,0.6712540336661527
-0.42521896137612536,-0.08114005948693075,-0.3086221442967119,0.6673257283637483,0.4636230947582406,-0.8376077688022281,0.9108576154778039,-0.8520743936963594,0.5002810800697348,-0.9639135803784503
-0.6233017999523678,-0.11052302385357876,0.4592845382278653,0.955507740423079,0.7000619241733506,0.6944358600399398,0.26368696507056744,0.10732017879740588,-0.2608154020273226,0.05167780058608222
-0.10524909960469664,0.5857172943913839,0.9075915466108414,0.9268471957487726,0.7928404564465109,-0.6883151160772116,-0.8276098872838982,0.866008553829643,0.7253433874128788,0.513834536307597
0.032765571646562686,-0.5060793590935078,0.5088215598677337,0.24926044382992707,-0.6959703445300813,-0.8289456453788331,-0.7014997608347648,-0.1512020993149208,0.34870496282661234,-0.06877224396341619
